[
    {
        "id": 27708,
        "catId": 10752
    },
    {
        "id": 46974,
        "catId": 12003
    },
    {
        "id": 46964,
        "catId": 12003
    },
    {
        "id": 26528,
        "catId": 10679
    },
    {
        "id": 123,
        "catId": 456
    },
    {
        "id": 123,
        "catId": 1
    },
    {
        "id": 25680,
        "catId": 10606
    },
    {
        "id": 45138,
        "catId": 11888
    },
    {
        "id": 28643,
        "catId": 10799
    },
    {
        "id": 45430,
        "catId": 11907
    },
    {
        "id": 27724,
        "catId": 10752
    },
    {
        "id": 48549,
        "catId": 12112
    },
    {
        "id": 20064,
        "catId": 10242
    },
    {
        "id": 47827,
        "catId": 12057
    },
    {
        "id": 46515,
        "catId": 11974
    },
    {
        "id": 38132,
        "catId": 11429
    },
    {
        "id": 34850,
        "catId": 11190
    },
    {
        "id": 21471,
        "catId": 10303
    },
    {
        "id": 46580,
        "catId": 11979
    },
    {
        "id": 46584,
        "catId": 11979
    },
    {
        "id": 46589,
        "catId": 11979
    },
    {
        "id": 44041,
        "catId": 11819
    },
    {
        "id": 46953,
        "catId": 12002
    },
    {
        "id": 21489,
        "catId": 10303
    },
    {
        "id": 49828,
        "catId": 12352
    },
    {
        "id": 49829,
        "catId": 12352
    },
    {
        "id": 49830,
        "catId": 12352
    },
    {
        "id": 49831,
        "catId": 12352
    },
    {
        "id": 49832,
        "catId": 12352
    },
    {
        "id": 49833,
        "catId": 12352
    },
    {
        "id": 48990,
        "catId": 12170
    },
    {
        "id": 49834,
        "catId": 12352
    },
    {
        "id": 49835,
        "catId": 12352
    },
    {
        "id": 49836,
        "catId": 12352
    },
    {
        "id": 49837,
        "catId": 12352
    },
    {
        "id": 49838,
        "catId": 12352
    },
    {
        "id": 49841,
        "catId": 12352
    },
    {
        "id": 39790,
        "catId": 11556
    },
    {
        "id": 49842,
        "catId": 12352
    },
    {
        "id": 46585,
        "catId": 11979
    },
    {
        "id": 49840,
        "catId": 12352
    },
    {
        "id": 49843,
        "catId": 12352
    },
    {
        "id": 49849,
        "catId": 12352
    },
    {
        "id": 49846,
        "catId": 12352
    },
    {
        "id": 49848,
        "catId": 12352
    },
    {
        "id": 49847,
        "catId": 12352
    },
    {
        "id": 33781,
        "catId": 11130
    },
    {
        "id": 33782,
        "catId": 11130
    },
    {
        "id": 18675,
        "catId": 10167
    },
    {
        "id": 33783,
        "catId": 11130
    },
    {
        "id": 33784,
        "catId": 11130
    },
    {
        "id": 33785,
        "catId": 11130
    },
    {
        "id": 33786,
        "catId": 11130
    },
    {
        "id": 33787,
        "catId": 11130
    },
    {
        "id": 33788,
        "catId": 11130
    },
    {
        "id": 33789,
        "catId": 11130
    },
    {
        "id": 33790,
        "catId": 11130
    },
    {
        "id": 33791,
        "catId": 11130
    },
    {
        "id": 33792,
        "catId": 11130
    },
    {
        "id": 1,
        "catId": 0
    },
    {
        "id": 2,
        "catId": 0
    },
    {
        "id": 3,
        "catId": 0
    },
    {
        "id": 22639,
        "catId": 10371
    },
    {
        "id": 4,
        "catId": 0
    },
    {
        "id": 5,
        "catId": 0
    },
    {
        "id": 6,
        "catId": 0
    },
    {
        "id": 7,
        "catId": 0
    },
    {
        "id": 8,
        "catId": 0
    },
    {
        "id": 23528,
        "catId": 10439
    },
    {
        "id": 9,
        "catId": 0
    },
    {
        "id": 10,
        "catId": 0
    },
    {
        "id": 11,
        "catId": 0
    },
    {
        "id": 12,
        "catId": 0
    },
    {
        "id": 13,
        "catId": 0
    },
    {
        "id": 14,
        "catId": 0
    },
    {
        "id": 15,
        "catId": 0
    },
    {
        "id": 23753,
        "catId": 10451
    },
    {
        "id": 16,
        "catId": 0
    },
    {
        "id": 17,
        "catId": 0
    },
    {
        "id": 18,
        "catId": 0
    },
    {
        "id": 19,
        "catId": 0
    },
    {
        "id": 20,
        "catId": 0
    },
    {
        "id": 21,
        "catId": 0
    },
    {
        "id": 22,
        "catId": 0
    },
    {
        "id": 46285,
        "catId": 11960
    },
    {
        "id": 23,
        "catId": 0
    },
    {
        "id": 24,
        "catId": 0
    },
    {
        "id": 25,
        "catId": 0
    },
    {
        "id": 26,
        "catId": 0
    },
    {
        "id": 27,
        "catId": 0
    },
    {
        "id": 28,
        "catId": 0
    },
    {
        "id": 46739,
        "catId": 11987
    },
    {
        "id": 29,
        "catId": 0
    },
    {
        "id": 30,
        "catId": 0
    },
    {
        "id": 34842,
        "catId": 11190
    },
    {
        "id": 34841,
        "catId": 11190
    },
    {
        "id": 34840,
        "catId": 11190
    },
    {
        "id": 34839,
        "catId": 11190
    },
    {
        "id": 34838,
        "catId": 11190
    },
    {
        "id": 45776,
        "catId": 11930
    },
    {
        "id": 34857,
        "catId": 11190
    },
    {
        "id": 34856,
        "catId": 11190
    },
    {
        "id": 34855,
        "catId": 11190
    },
    {
        "id": 34854,
        "catId": 11190
    },
    {
        "id": 34853,
        "catId": 11190
    },
    {
        "id": 34852,
        "catId": 11190
    },
    {
        "id": 27473,
        "catId": 10740
    },
    {
        "id": 34851,
        "catId": 11190
    },
    {
        "id": 34849,
        "catId": 11190
    },
    {
        "id": 34848,
        "catId": 11190
    },
    {
        "id": 34847,
        "catId": 11190
    },
    {
        "id": 34846,
        "catId": 11190
    },
    {
        "id": 34845,
        "catId": 11190
    },
    {
        "id": 34844,
        "catId": 11190
    },
    {
        "id": 34843,
        "catId": 11190
    },
    {
        "id": 25779,
        "catId": 10615
    },
    {
        "id": 17205,
        "catId": 10080
    },
    {
        "id": 20066,
        "catId": 10242
    },
    {
        "id": 46241,
        "catId": 11957
    },
    {
        "id": 35353,
        "catId": 11219
    },
    {
        "id": 49360,
        "catId": 12220
    },
    {
        "id": 1037,
        "catId": 47
    },
    {
        "id": 44735,
        "catId": 11864
    },
    {
        "id": 16539,
        "catId": 10032
    },
    {
        "id": 30808,
        "catId": 10961
    },
    {
        "id": 30813,
        "catId": 10961
    },
    {
        "id": 30809,
        "catId": 10961
    },
    {
        "id": 46327,
        "catId": 11962
    },
    {
        "id": 1111,
        "catId": 50
    },
    {
        "id": 50467,
        "catId": 12598
    },
    {
        "id": 45899,
        "catId": 11938
    },
    {
        "id": 603,
        "catId": 26
    },
    {
        "id": 18059,
        "catId": 10132
    },
    {
        "id": 43516,
        "catId": 11786
    },
    {
        "id": 21873,
        "catId": 10324
    },
    {
        "id": 27475,
        "catId": 10740
    },
    {
        "id": 43524,
        "catId": 11786
    },
    {
        "id": 1115,
        "catId": 50
    },
    {
        "id": 28416,
        "catId": 10788
    },
    {
        "id": 46086,
        "catId": 11949
    },
    {
        "id": 18990,
        "catId": 10186
    },
    {
        "id": 46182,
        "catId": 11954
    },
    {
        "id": 18116,
        "catId": 10137
    },
    {
        "id": 43519,
        "catId": 11786
    },
    {
        "id": 45535,
        "catId": 11914
    },
    {
        "id": 46952,
        "catId": 12002
    },
    {
        "id": 31806,
        "catId": 11020
    },
    {
        "id": 17836,
        "catId": 10121
    },
    {
        "id": 46955,
        "catId": 12002
    },
    {
        "id": 28398,
        "catId": 10788
    },
    {
        "id": 46969,
        "catId": 12003
    },
    {
        "id": 48574,
        "catId": 12118
    },
    {
        "id": 45433,
        "catId": 11907
    },
    {
        "id": 46954,
        "catId": 12002
    },
    {
        "id": 23412,
        "catId": 10431
    },
    {
        "id": 28408,
        "catId": 10788
    },
    {
        "id": 27703,
        "catId": 10751
    },
    {
        "id": 18986,
        "catId": 10186
    },
    {
        "id": 25063,
        "catId": 10570
    },
    {
        "id": 43528,
        "catId": 11786
    },
    {
        "id": 34108,
        "catId": 11150
    },
    {
        "id": 46219,
        "catId": 11956
    },
    {
        "id": 32067,
        "catId": 11031
    },
    {
        "id": 45356,
        "catId": 11901
    },
    {
        "id": 28417,
        "catId": 10788
    },
    {
        "id": 28396,
        "catId": 10788
    },
    {
        "id": 28404,
        "catId": 10788
    },
    {
        "id": 41258,
        "catId": 11659
    },
    {
        "id": 28409,
        "catId": 10788
    },
    {
        "id": 23057,
        "catId": 10399
    },
    {
        "id": 24105,
        "catId": 10483
    },
    {
        "id": 25953,
        "catId": 10632
    },
    {
        "id": 40822,
        "catId": 11636
    },
    {
        "id": 42835,
        "catId": 11752
    },
    {
        "id": 1105,
        "catId": 50
    },
    {
        "id": 46668,
        "catId": 11984
    },
    {
        "id": 22846,
        "catId": 10383
    },
    {
        "id": 30826,
        "catId": 10961
    },
    {
        "id": 18974,
        "catId": 10186
    },
    {
        "id": 45342,
        "catId": 11901
    },
    {
        "id": 44740,
        "catId": 11864
    },
    {
        "id": 43520,
        "catId": 11786
    },
    {
        "id": 31796,
        "catId": 11020
    },
    {
        "id": 38574,
        "catId": 11482
    },
    {
        "id": 47160,
        "catId": 12013
    },
    {
        "id": 45508,
        "catId": 11911
    },
    {
        "id": 21285,
        "catId": 10293
    },
    {
        "id": 25963,
        "catId": 10632
    },
    {
        "id": 18060,
        "catId": 10132
    },
    {
        "id": 24536,
        "catId": 10529
    },
    {
        "id": 22955,
        "catId": 10390
    },
    {
        "id": 20093,
        "catId": 10243
    },
    {
        "id": 29653,
        "catId": 10891
    },
    {
        "id": 38357,
        "catId": 11454
    },
    {
        "id": 24026,
        "catId": 10473
    },
    {
        "id": 32028,
        "catId": 11030
    },
    {
        "id": 49762,
        "catId": 12328
    },
    {
        "id": 48117,
        "catId": 12077
    },
    {
        "id": 32055,
        "catId": 11031
    },
    {
        "id": 46970,
        "catId": 12003
    },
    {
        "id": 25775,
        "catId": 10615
    },
    {
        "id": 43521,
        "catId": 11786
    },
    {
        "id": 30888,
        "catId": 10965
    },
    {
        "id": 18653,
        "catId": 10166
    },
    {
        "id": 17033,
        "catId": 10068
    },
    {
        "id": 46562,
        "catId": 11977
    },
    {
        "id": 26497,
        "catId": 10677
    },
    {
        "id": 22197,
        "catId": 10343
    },
    {
        "id": 21454,
        "catId": 10302
    },
    {
        "id": 27481,
        "catId": 10740
    },
    {
        "id": 31814,
        "catId": 11020
    },
    {
        "id": 31813,
        "catId": 11020
    },
    {
        "id": 31812,
        "catId": 11020
    },
    {
        "id": 31811,
        "catId": 11020
    },
    {
        "id": 31810,
        "catId": 11020
    },
    {
        "id": 31809,
        "catId": 11020
    },
    {
        "id": 32984,
        "catId": 11086
    },
    {
        "id": 46982,
        "catId": 12003
    },
    {
        "id": 20706,
        "catId": 10260
    },
    {
        "id": 46338,
        "catId": 11962
    },
    {
        "id": 43551,
        "catId": 11788
    },
    {
        "id": 49784,
        "catId": 12334
    },
    {
        "id": 32030,
        "catId": 11030
    },
    {
        "id": 46965,
        "catId": 12003
    },
    {
        "id": 1316,
        "catId": 59
    },
    {
        "id": 48758,
        "catId": 12144
    },
    {
        "id": 29652,
        "catId": 10891
    },
    {
        "id": 29661,
        "catId": 10891
    },
    {
        "id": 30818,
        "catId": 10961
    },
    {
        "id": 40834,
        "catId": 11636
    },
    {
        "id": 24532,
        "catId": 10529
    },
    {
        "id": 1036,
        "catId": 47
    },
    {
        "id": 23023,
        "catId": 10397
    },
    {
        "id": 47469,
        "catId": 12035
    },
    {
        "id": 18052,
        "catId": 10132
    },
    {
        "id": 19830,
        "catId": 10235
    },
    {
        "id": 21983,
        "catId": 10136
    },
    {
        "id": 22358,
        "catId": 10354
    },
    {
        "id": 391,
        "catId": 14
    },
    {
        "id": 27539,
        "catId": 10743
    },
    {
        "id": 19542,
        "catId": 10219
    },
    {
        "id": 46028,
        "catId": 11945
    },
    {
        "id": 1291,
        "catId": 58
    },
    {
        "id": 47682,
        "catId": 12048
    },
    {
        "id": 16573,
        "catId": 10034
    },
    {
        "id": 27702,
        "catId": 10751
    },
    {
        "id": 46586,
        "catId": 11979
    },
    {
        "id": 19344,
        "catId": 10206
    },
    {
        "id": 43743,
        "catId": 11799
    },
    {
        "id": 26728,
        "catId": 10690
    },
    {
        "id": 35352,
        "catId": 11219
    },
    {
        "id": 19848,
        "catId": 10236
    },
    {
        "id": 34832,
        "catId": 11150
    },
    {
        "id": 21886,
        "catId": 10325
    },
    {
        "id": 19862,
        "catId": 10236
    },
    {
        "id": 20096,
        "catId": 10243
    },
    {
        "id": 19036,
        "catId": 10189
    },
    {
        "id": 47966,
        "catId": 12066
    },
    {
        "id": 16796,
        "catId": 10052
    },
    {
        "id": 29929,
        "catId": 10904
    },
    {
        "id": 25684,
        "catId": 10606
    },
    {
        "id": 19360,
        "catId": 10206
    },
    {
        "id": 47150,
        "catId": 12013
    },
    {
        "id": 18010,
        "catId": 10130
    },
    {
        "id": 46682,
        "catId": 11984
    },
    {
        "id": 47838,
        "catId": 12057
    },
    {
        "id": 48286,
        "catId": 12089
    },
    {
        "id": 46991,
        "catId": 12003
    },
    {
        "id": 34464,
        "catId": 11168
    },
    {
        "id": 30474,
        "catId": 10939
    },
    {
        "id": 23991,
        "catId": 10472
    },
    {
        "id": 23992,
        "catId": 10472
    },
    {
        "id": 43517,
        "catId": 11786
    },
    {
        "id": 49775,
        "catId": 12334
    },
    {
        "id": 17204,
        "catId": 10080
    },
    {
        "id": 50204,
        "catId": 12490
    },
    {
        "id": 47928,
        "catId": 12064
    },
    {
        "id": 18985,
        "catId": 10186
    },
    {
        "id": 46956,
        "catId": 12002
    },
    {
        "id": 18976,
        "catId": 10186
    },
    {
        "id": 47619,
        "catId": 12045
    },
    {
        "id": 27452,
        "catId": 10739
    },
    {
        "id": 25694,
        "catId": 10607
    },
    {
        "id": 19126,
        "catId": 10192
    },
    {
        "id": 17932,
        "catId": 10126
    },
    {
        "id": 43503,
        "catId": 11784
    },
    {
        "id": 27479,
        "catId": 10740
    },
    {
        "id": 22375,
        "catId": 10356
    },
    {
        "id": 21147,
        "catId": 10285
    },
    {
        "id": 29659,
        "catId": 10891
    },
    {
        "id": 22847,
        "catId": 10383
    },
    {
        "id": 45172,
        "catId": 11889
    },
    {
        "id": 17965,
        "catId": 10127
    },
    {
        "id": 16777,
        "catId": 10051
    },
    {
        "id": 25581,
        "catId": 10601
    },
    {
        "id": 22051,
        "catId": 10336
    },
    {
        "id": 46514,
        "catId": 11974
    },
    {
        "id": 22343,
        "catId": 10353
    },
    {
        "id": 17300,
        "catId": 10090
    },
    {
        "id": 26278,
        "catId": 10653
    },
    {
        "id": 20970,
        "catId": 10276
    },
    {
        "id": 18001,
        "catId": 10129
    },
    {
        "id": 46984,
        "catId": 12003
    },
    {
        "id": 38133,
        "catId": 11429
    },
    {
        "id": 38134,
        "catId": 11429
    },
    {
        "id": 38135,
        "catId": 11429
    },
    {
        "id": 38136,
        "catId": 11429
    },
    {
        "id": 38137,
        "catId": 11429
    },
    {
        "id": 38138,
        "catId": 11429
    },
    {
        "id": 38139,
        "catId": 11429
    },
    {
        "id": 24533,
        "catId": 10529
    },
    {
        "id": 46966,
        "catId": 12003
    },
    {
        "id": 26616,
        "catId": 10683
    },
    {
        "id": 28414,
        "catId": 10788
    },
    {
        "id": 28412,
        "catId": 10788
    },
    {
        "id": 28413,
        "catId": 10788
    },
    {
        "id": 22849,
        "catId": 10383
    },
    {
        "id": 18026,
        "catId": 10130
    },
    {
        "id": 27729,
        "catId": 10752
    },
    {
        "id": 29651,
        "catId": 10891
    },
    {
        "id": 44044,
        "catId": 11819
    },
    {
        "id": 19790,
        "catId": 10233
    },
    {
        "id": 47822,
        "catId": 12057
    },
    {
        "id": 45317,
        "catId": 11899
    },
    {
        "id": 1011,
        "catId": 47
    },
    {
        "id": 28378,
        "catId": 10786
    },
    {
        "id": 28382,
        "catId": 10786
    },
    {
        "id": 25644,
        "catId": 10604
    },
    {
        "id": 47939,
        "catId": 12064
    },
    {
        "id": 47930,
        "catId": 12064
    },
    {
        "id": 44035,
        "catId": 11819
    },
    {
        "id": 47243,
        "catId": 12017
    },
    {
        "id": 21506,
        "catId": 10304
    },
    {
        "id": 25649,
        "catId": 10604
    },
    {
        "id": 28374,
        "catId": 10786
    },
    {
        "id": 28375,
        "catId": 10786
    },
    {
        "id": 45959,
        "catId": 11941
    },
    {
        "id": 28360,
        "catId": 10786
    },
    {
        "id": 49673,
        "catId": 12292
    },
    {
        "id": 47937,
        "catId": 12064
    },
    {
        "id": 38258,
        "catId": 11447
    },
    {
        "id": 36608,
        "catId": 11300
    },
    {
        "id": 48197,
        "catId": 12081
    },
    {
        "id": 48181,
        "catId": 12081
    },
    {
        "id": 45903,
        "catId": 11938
    },
    {
        "id": 25866,
        "catId": 10623
    },
    {
        "id": 46217,
        "catId": 11956
    },
    {
        "id": 1298,
        "catId": 58
    },
    {
        "id": 16707,
        "catId": 10047
    },
    {
        "id": 47982,
        "catId": 12066
    },
    {
        "id": 37796,
        "catId": 11389
    },
    {
        "id": 48188,
        "catId": 12081
    },
    {
        "id": 45782,
        "catId": 11930
    },
    {
        "id": 1325,
        "catId": 59
    },
    {
        "id": 26273,
        "catId": 10653
    },
    {
        "id": 44535,
        "catId": 11852
    },
    {
        "id": 46669,
        "catId": 11984
    },
    {
        "id": 31489,
        "catId": 11002
    },
    {
        "id": 640,
        "catId": 26
    },
    {
        "id": 23416,
        "catId": 10431
    },
    {
        "id": 38571,
        "catId": 11482
    },
    {
        "id": 46087,
        "catId": 11949
    },
    {
        "id": 39147,
        "catId": 11514
    },
    {
        "id": 43523,
        "catId": 11786
    },
    {
        "id": 45540,
        "catId": 11914
    },
    {
        "id": 50327,
        "catId": 12544
    },
    {
        "id": 17750,
        "catId": 10117
    },
    {
        "id": 46960,
        "catId": 12002
    },
    {
        "id": 25719,
        "catId": 10610
    },
    {
        "id": 27449,
        "catId": 10739
    },
    {
        "id": 30810,
        "catId": 10961
    },
    {
        "id": 27470,
        "catId": 10740
    },
    {
        "id": 41464,
        "catId": 11672
    },
    {
        "id": 46242,
        "catId": 11957
    },
    {
        "id": 38247,
        "catId": 11446
    },
    {
        "id": 19824,
        "catId": 10235
    },
    {
        "id": 21545,
        "catId": 10306
    },
    {
        "id": 48598,
        "catId": 12120
    },
    {
        "id": 501,
        "catId": 21
    },
    {
        "id": 31807,
        "catId": 11020
    },
    {
        "id": 40673,
        "catId": 11627
    },
    {
        "id": 31803,
        "catId": 11020
    },
    {
        "id": 25255,
        "catId": 10584
    },
    {
        "id": 46416,
        "catId": 11967
    },
    {
        "id": 19898,
        "catId": 10235
    },
    {
        "id": 28555,
        "catId": 10793
    },
    {
        "id": 41329,
        "catId": 11663
    },
    {
        "id": 41241,
        "catId": 11659
    },
    {
        "id": 23530,
        "catId": 10439
    },
    {
        "id": 18015,
        "catId": 10130
    },
    {
        "id": 20065,
        "catId": 10242
    },
    {
        "id": 17635,
        "catId": 10112
    },
    {
        "id": 22124,
        "catId": 10339
    },
    {
        "id": 23025,
        "catId": 10397
    },
    {
        "id": 19880,
        "catId": 10239
    },
    {
        "id": 25597,
        "catId": 10601
    },
    {
        "id": 32976,
        "catId": 11086
    },
    {
        "id": 49777,
        "catId": 12334
    },
    {
        "id": 49298,
        "catId": 12210
    },
    {
        "id": 48728,
        "catId": 12140
    },
    {
        "id": 28226,
        "catId": 10776
    },
    {
        "id": 31497,
        "catId": 11002
    },
    {
        "id": 23397,
        "catId": 10429
    },
    {
        "id": 23466,
        "catId": 10434
    },
    {
        "id": 32053,
        "catId": 11031
    },
    {
        "id": 47818,
        "catId": 12057
    },
    {
        "id": 44191,
        "catId": 11829
    },
    {
        "id": 26827,
        "catId": 10701
    },
    {
        "id": 18011,
        "catId": 10130
    },
    {
        "id": 47155,
        "catId": 12013
    },
    {
        "id": 21259,
        "catId": 10292
    },
    {
        "id": 693,
        "catId": 30
    },
    {
        "id": 17421,
        "catId": 10099
    },
    {
        "id": 49764,
        "catId": 12328
    },
    {
        "id": 46573,
        "catId": 11978
    },
    {
        "id": 46957,
        "catId": 12002
    },
    {
        "id": 18022,
        "catId": 10130
    },
    {
        "id": 45946,
        "catId": 11940
    },
    {
        "id": 26579,
        "catId": 10681
    },
    {
        "id": 23044,
        "catId": 10398
    },
    {
        "id": 25837,
        "catId": 10617
    },
    {
        "id": 43633,
        "catId": 11792
    },
    {
        "id": 21470,
        "catId": 10302
    },
    {
        "id": 19380,
        "catId": 10208
    },
    {
        "id": 22580,
        "catId": 10368
    },
    {
        "id": 29252,
        "catId": 10856
    },
    {
        "id": 41310,
        "catId": 11663
    },
    {
        "id": 47149,
        "catId": 12013
    },
    {
        "id": 17613,
        "catId": 10111
    },
    {
        "id": 50228,
        "catId": 12502
    },
    {
        "id": 50209,
        "catId": 12490
    },
    {
        "id": 25348,
        "catId": 10588
    },
    {
        "id": 50472,
        "catId": 12598
    },
    {
        "id": 50138,
        "catId": 12454
    },
    {
        "id": 1413,
        "catId": 62
    },
    {
        "id": 26266,
        "catId": 10653
    },
    {
        "id": 45740,
        "catId": 11927
    },
    {
        "id": 47161,
        "catId": 12013
    },
    {
        "id": 47860,
        "catId": 12059
    },
    {
        "id": 18650,
        "catId": 10166
    },
    {
        "id": 38593,
        "catId": 11482
    },
    {
        "id": 44038,
        "catId": 11819
    },
    {
        "id": 38362,
        "catId": 11454
    },
    {
        "id": 38566,
        "catId": 11482
    },
    {
        "id": 21261,
        "catId": 10292
    },
    {
        "id": 42440,
        "catId": 11726
    },
    {
        "id": 18866,
        "catId": 10177
    },
    {
        "id": 23339,
        "catId": 10425
    },
    {
        "id": 45908,
        "catId": 11938
    },
    {
        "id": 47753,
        "catId": 12052
    },
    {
        "id": 422,
        "catId": 14
    },
    {
        "id": 26550,
        "catId": 10680
    },
    {
        "id": 46958,
        "catId": 12002
    },
    {
        "id": 46962,
        "catId": 12002
    },
    {
        "id": 49678,
        "catId": 12292
    },
    {
        "id": 22192,
        "catId": 10343
    },
    {
        "id": 45901,
        "catId": 11938
    },
    {
        "id": 43526,
        "catId": 11786
    },
    {
        "id": 24515,
        "catId": 10529
    },
    {
        "id": 38359,
        "catId": 11454
    },
    {
        "id": 25701,
        "catId": 10607
    },
    {
        "id": 46229,
        "catId": 11956
    },
    {
        "id": 23984,
        "catId": 10472
    },
    {
        "id": 47617,
        "catId": 12045
    },
    {
        "id": 22070,
        "catId": 10336
    },
    {
        "id": 46959,
        "catId": 12002
    },
    {
        "id": 1419,
        "catId": 62
    },
    {
        "id": 595,
        "catId": 26
    },
    {
        "id": 16717,
        "catId": 10047
    },
    {
        "id": 26494,
        "catId": 10677
    },
    {
        "id": 41315,
        "catId": 11663
    },
    {
        "id": 47632,
        "catId": 12045
    },
    {
        "id": 23285,
        "catId": 10417
    },
    {
        "id": 27461,
        "catId": 10740
    },
    {
        "id": 50446,
        "catId": 12592
    },
    {
        "id": 20598,
        "catId": 10254
    },
    {
        "id": 21456,
        "catId": 10302
    },
    {
        "id": 49437,
        "catId": 12230
    },
    {
        "id": 16470,
        "catId": 10029
    },
    {
        "id": 34528,
        "catId": 11172
    },
    {
        "id": 19082,
        "catId": 10191
    },
    {
        "id": 22392,
        "catId": 10357
    },
    {
        "id": 27730,
        "catId": 10752
    },
    {
        "id": 46981,
        "catId": 12003
    },
    {
        "id": 25774,
        "catId": 10615
    },
    {
        "id": 44583,
        "catId": 11855
    },
    {
        "id": 19773,
        "catId": 10233
    },
    {
        "id": 48694,
        "catId": 12136
    },
    {
        "id": 43550,
        "catId": 11788
    },
    {
        "id": 22974,
        "catId": 10391
    },
    {
        "id": 22165,
        "catId": 10341
    },
    {
        "id": 23037,
        "catId": 10398
    },
    {
        "id": 38240,
        "catId": 11445
    },
    {
        "id": 18621,
        "catId": 10164
    },
    {
        "id": 27460,
        "catId": 10739
    },
    {
        "id": 26298,
        "catId": 10655
    },
    {
        "id": 47956,
        "catId": 12065
    },
    {
        "id": 45456,
        "catId": 11908
    },
    {
        "id": 24403,
        "catId": 10504
    },
    {
        "id": 17615,
        "catId": 10111
    },
    {
        "id": 46132,
        "catId": 11951
    },
    {
        "id": 28415,
        "catId": 10788
    },
    {
        "id": 47621,
        "catId": 12045
    },
    {
        "id": 1412,
        "catId": 62
    },
    {
        "id": 26443,
        "catId": 10674
    },
    {
        "id": 49516,
        "catId": 12238
    },
    {
        "id": 22997,
        "catId": 10394
    },
    {
        "id": 47473,
        "catId": 12035
    },
    {
        "id": 47686,
        "catId": 12048
    },
    {
        "id": 508,
        "catId": 22
    },
    {
        "id": 1020,
        "catId": 47
    },
    {
        "id": 17304,
        "catId": 10090
    },
    {
        "id": 45165,
        "catId": 11889
    },
    {
        "id": 16794,
        "catId": 10052
    },
    {
        "id": 25844,
        "catId": 10617
    },
    {
        "id": 48185,
        "catId": 12081
    },
    {
        "id": 24389,
        "catId": 10504
    },
    {
        "id": 37979,
        "catId": 11413
    },
    {
        "id": 46587,
        "catId": 11979
    },
    {
        "id": 49505,
        "catId": 12238
    },
    {
        "id": 25949,
        "catId": 10632
    },
    {
        "id": 24523,
        "catId": 10529
    },
    {
        "id": 21332,
        "catId": 10296
    },
    {
        "id": 22976,
        "catId": 10391
    },
    {
        "id": 35381,
        "catId": 11221
    },
    {
        "id": 26236,
        "catId": 10651
    },
    {
        "id": 46448,
        "catId": 11969
    },
    {
        "id": 42484,
        "catId": 11729
    },
    {
        "id": 21647,
        "catId": 10313
    },
    {
        "id": 24108,
        "catId": 10483
    },
    {
        "id": 16496,
        "catId": 10030
    },
    {
        "id": 22967,
        "catId": 10390
    },
    {
        "id": 28407,
        "catId": 10788
    },
    {
        "id": 25682,
        "catId": 10606
    },
    {
        "id": 17637,
        "catId": 10112
    },
    {
        "id": 47893,
        "catId": 12061
    },
    {
        "id": 22055,
        "catId": 10336
    },
    {
        "id": 32770,
        "catId": 11076
    },
    {
        "id": 34837,
        "catId": 11150
    },
    {
        "id": 47654,
        "catId": 12047
    },
    {
        "id": 17610,
        "catId": 10111
    },
    {
        "id": 25785,
        "catId": 10615
    },
    {
        "id": 47462,
        "catId": 12035
    },
    {
        "id": 46581,
        "catId": 11979
    },
    {
        "id": 22322,
        "catId": 10351
    },
    {
        "id": 25828,
        "catId": 10617
    },
    {
        "id": 19056,
        "catId": 10189
    },
    {
        "id": 23569,
        "catId": 10442
    },
    {
        "id": 24405,
        "catId": 10504
    },
    {
        "id": 21520,
        "catId": 10305
    },
    {
        "id": 47671,
        "catId": 12048
    },
    {
        "id": 45573,
        "catId": 11916
    },
    {
        "id": 46971,
        "catId": 12003
    },
    {
        "id": 45581,
        "catId": 11916
    },
    {
        "id": 16785,
        "catId": 10052
    },
    {
        "id": 47825,
        "catId": 12057
    },
    {
        "id": 25442,
        "catId": 10593
    },
    {
        "id": 46329,
        "catId": 11962
    },
    {
        "id": 16568,
        "catId": 10034
    },
    {
        "id": 40842,
        "catId": 11636
    },
    {
        "id": 1033,
        "catId": 47
    },
    {
        "id": 49813,
        "catId": 12346
    },
    {
        "id": 38568,
        "catId": 11482
    },
    {
        "id": 28365,
        "catId": 10786
    },
    {
        "id": 42415,
        "catId": 11725
    },
    {
        "id": 28373,
        "catId": 10786
    },
    {
        "id": 28372,
        "catId": 10786
    },
    {
        "id": 39798,
        "catId": 11556
    },
    {
        "id": 25410,
        "catId": 10591
    },
    {
        "id": 50394,
        "catId": 12568
    },
    {
        "id": 40141,
        "catId": 11585
    },
    {
        "id": 26529,
        "catId": 10679
    },
    {
        "id": 26295,
        "catId": 10655
    },
    {
        "id": 21266,
        "catId": 10292
    },
    {
        "id": 46983,
        "catId": 12003
    },
    {
        "id": 17201,
        "catId": 10080
    },
    {
        "id": 22388,
        "catId": 10357
    },
    {
        "id": 47043,
        "catId": 12006
    },
    {
        "id": 50183,
        "catId": 12484
    },
    {
        "id": 22491,
        "catId": 10363
    },
    {
        "id": 31789,
        "catId": 11019
    },
    {
        "id": 44177,
        "catId": 11829
    },
    {
        "id": 28635,
        "catId": 10799
    },
    {
        "id": 49497,
        "catId": 12238
    },
    {
        "id": 45304,
        "catId": 11898
    },
    {
        "id": 49278,
        "catId": 12210
    },
    {
        "id": 21509,
        "catId": 10304
    },
    {
        "id": 17206,
        "catId": 10080
    },
    {
        "id": 32605,
        "catId": 11069
    },
    {
        "id": 20063,
        "catId": 10242
    },
    {
        "id": 45538,
        "catId": 11914
    },
    {
        "id": 47244,
        "catId": 12017
    },
    {
        "id": 23338,
        "catId": 10425
    },
    {
        "id": 18127,
        "catId": 10137
    },
    {
        "id": 16532,
        "catId": 10032
    },
    {
        "id": 41243,
        "catId": 11659
    },
    {
        "id": 44176,
        "catId": 11829
    },
    {
        "id": 32033,
        "catId": 11030
    },
    {
        "id": 45298,
        "catId": 11898
    },
    {
        "id": 1324,
        "catId": 59
    },
    {
        "id": 47888,
        "catId": 12061
    },
    {
        "id": 28225,
        "catId": 10776
    },
    {
        "id": 21535,
        "catId": 10306
    },
    {
        "id": 23981,
        "catId": 10472
    },
    {
        "id": 46381,
        "catId": 11965
    },
    {
        "id": 46193,
        "catId": 11954
    },
    {
        "id": 45588,
        "catId": 11916
    },
    {
        "id": 35221,
        "catId": 11212
    },
    {
        "id": 47584,
        "catId": 12043
    },
    {
        "id": 27182,
        "catId": 10726
    },
    {
        "id": 32613,
        "catId": 11069
    },
    {
        "id": 21514,
        "catId": 10305
    },
    {
        "id": 27181,
        "catId": 10726
    },
    {
        "id": 16713,
        "catId": 10047
    },
    {
        "id": 35220,
        "catId": 11212
    },
    {
        "id": 22389,
        "catId": 10357
    },
    {
        "id": 19828,
        "catId": 10235
    },
    {
        "id": 25409,
        "catId": 10591
    },
    {
        "id": 37480,
        "catId": 11351
    },
    {
        "id": 17478,
        "catId": 10105
    },
    {
        "id": 48290,
        "catId": 12089
    },
    {
        "id": 28364,
        "catId": 10786
    },
    {
        "id": 38575,
        "catId": 11482
    },
    {
        "id": 47239,
        "catId": 12017
    },
    {
        "id": 17034,
        "catId": 10068
    },
    {
        "id": 47232,
        "catId": 12017
    },
    {
        "id": 49811,
        "catId": 12346
    },
    {
        "id": 30481,
        "catId": 10939
    },
    {
        "id": 49501,
        "catId": 12238
    },
    {
        "id": 38577,
        "catId": 11482
    },
    {
        "id": 476,
        "catId": 21
    },
    {
        "id": 31804,
        "catId": 11020
    },
    {
        "id": 22465,
        "catId": 10362
    },
    {
        "id": 50064,
        "catId": 12424
    },
    {
        "id": 46490,
        "catId": 11972
    },
    {
        "id": 46027,
        "catId": 11945
    },
    {
        "id": 32052,
        "catId": 11031
    },
    {
        "id": 45868,
        "catId": 11936
    },
    {
        "id": 50351,
        "catId": 12556
    },
    {
        "id": 18980,
        "catId": 10186
    },
    {
        "id": 45419,
        "catId": 11906
    },
    {
        "id": 45427,
        "catId": 11906
    },
    {
        "id": 45418,
        "catId": 11906
    },
    {
        "id": 25726,
        "catId": 10610
    },
    {
        "id": 39775,
        "catId": 11555
    },
    {
        "id": 31801,
        "catId": 11020
    },
    {
        "id": 46976,
        "catId": 12003
    },
    {
        "id": 46230,
        "catId": 11956
    },
    {
        "id": 31488,
        "catId": 11002
    },
    {
        "id": 20689,
        "catId": 10260
    },
    {
        "id": 20708,
        "catId": 10260
    },
    {
        "id": 20695,
        "catId": 10260
    },
    {
        "id": 45897,
        "catId": 11938
    },
    {
        "id": 20069,
        "catId": 10242
    },
    {
        "id": 23189,
        "catId": 10405
    },
    {
        "id": 45614,
        "catId": 11918
    },
    {
        "id": 48180,
        "catId": 12081
    },
    {
        "id": 27456,
        "catId": 10739
    },
    {
        "id": 46985,
        "catId": 12003
    },
    {
        "id": 21237,
        "catId": 10291
    },
    {
        "id": 22160,
        "catId": 10341
    },
    {
        "id": 18719,
        "catId": 10170
    },
    {
        "id": 43639,
        "catId": 11792
    },
    {
        "id": 18714,
        "catId": 10170
    },
    {
        "id": 48055,
        "catId": 12071
    },
    {
        "id": 21691,
        "catId": 10316
    },
    {
        "id": 17208,
        "catId": 10080
    },
    {
        "id": 41492,
        "catId": 11674
    },
    {
        "id": 46687,
        "catId": 11984
    },
    {
        "id": 46337,
        "catId": 11962
    },
    {
        "id": 16493,
        "catId": 10030
    },
    {
        "id": 50424,
        "catId": 12580
    },
    {
        "id": 25243,
        "catId": 10584
    },
    {
        "id": 32057,
        "catId": 11031
    },
    {
        "id": 47892,
        "catId": 12061
    },
    {
        "id": 23977,
        "catId": 10471
    },
    {
        "id": 21540,
        "catId": 10306
    },
    {
        "id": 630,
        "catId": 26
    },
    {
        "id": 26553,
        "catId": 10680
    },
    {
        "id": 26599,
        "catId": 10682
    },
    {
        "id": 47885,
        "catId": 12061
    },
    {
        "id": 42397,
        "catId": 11725
    },
    {
        "id": 24682,
        "catId": 10539
    },
    {
        "id": 47062,
        "catId": 12008
    },
    {
        "id": 1024,
        "catId": 47
    },
    {
        "id": 34532,
        "catId": 11172
    },
    {
        "id": 19051,
        "catId": 10189
    },
    {
        "id": 49814,
        "catId": 12346
    },
    {
        "id": 27694,
        "catId": 10751
    },
    {
        "id": 47245,
        "catId": 12017
    },
    {
        "id": 42829,
        "catId": 11752
    },
    {
        "id": 25724,
        "catId": 10610
    },
    {
        "id": 21968,
        "catId": 10330
    },
    {
        "id": 25861,
        "catId": 10623
    },
    {
        "id": 30807,
        "catId": 10961
    },
    {
        "id": 30816,
        "catId": 10961
    },
    {
        "id": 30821,
        "catId": 10961
    },
    {
        "id": 26486,
        "catId": 10677
    },
    {
        "id": 30812,
        "catId": 10961
    },
    {
        "id": 30811,
        "catId": 10961
    },
    {
        "id": 21958,
        "catId": 10330
    },
    {
        "id": 21959,
        "catId": 10330
    },
    {
        "id": 21960,
        "catId": 10330
    },
    {
        "id": 21961,
        "catId": 10330
    },
    {
        "id": 21962,
        "catId": 10330
    },
    {
        "id": 21963,
        "catId": 10330
    },
    {
        "id": 21964,
        "catId": 10330
    },
    {
        "id": 21965,
        "catId": 10330
    },
    {
        "id": 21966,
        "catId": 10330
    },
    {
        "id": 21967,
        "catId": 10330
    },
    {
        "id": 21969,
        "catId": 10330
    },
    {
        "id": 41312,
        "catId": 11663
    },
    {
        "id": 45866,
        "catId": 11936
    },
    {
        "id": 20070,
        "catId": 10242
    },
    {
        "id": 16775,
        "catId": 10051
    },
    {
        "id": 23298,
        "catId": 10420
    },
    {
        "id": 37768,
        "catId": 11377
    },
    {
        "id": 44254,
        "catId": 11834
    },
    {
        "id": 24104,
        "catId": 10483
    },
    {
        "id": 23755,
        "catId": 10451
    },
    {
        "id": 42837,
        "catId": 11752
    },
    {
        "id": 47889,
        "catId": 12061
    },
    {
        "id": 46137,
        "catId": 11951
    },
    {
        "id": 22968,
        "catId": 10390
    },
    {
        "id": 34468,
        "catId": 11168
    },
    {
        "id": 18618,
        "catId": 10164
    },
    {
        "id": 26306,
        "catId": 10655
    },
    {
        "id": 21517,
        "catId": 10305
    },
    {
        "id": 18777,
        "catId": 10173
    },
    {
        "id": 18717,
        "catId": 10170
    },
    {
        "id": 41067,
        "catId": 11650
    },
    {
        "id": 21767,
        "catId": 10320
    },
    {
        "id": 49827,
        "catId": 12346
    },
    {
        "id": 25429,
        "catId": 10592
    },
    {
        "id": 47127,
        "catId": 12012
    },
    {
        "id": 25419,
        "catId": 10592
    },
    {
        "id": 50459,
        "catId": 12592
    },
    {
        "id": 47418,
        "catId": 12032
    },
    {
        "id": 25345,
        "catId": 10588
    },
    {
        "id": 17029,
        "catId": 10068
    },
    {
        "id": 22493,
        "catId": 10363
    },
    {
        "id": 21278,
        "catId": 10293
    },
    {
        "id": 26565,
        "catId": 10681
    },
    {
        "id": 23456,
        "catId": 10434
    },
    {
        "id": 46096,
        "catId": 11949
    },
    {
        "id": 19092,
        "catId": 10191
    },
    {
        "id": 22999,
        "catId": 10394
    },
    {
        "id": 43636,
        "catId": 11792
    },
    {
        "id": 46195,
        "catId": 11954
    },
    {
        "id": 35223,
        "catId": 11212
    },
    {
        "id": 19379,
        "catId": 10208
    },
    {
        "id": 22951,
        "catId": 10390
    },
    {
        "id": 43552,
        "catId": 11788
    },
    {
        "id": 25787,
        "catId": 10615
    },
    {
        "id": 38583,
        "catId": 11482
    },
    {
        "id": 18048,
        "catId": 10132
    },
    {
        "id": 30825,
        "catId": 10961
    },
    {
        "id": 29557,
        "catId": 10882
    },
    {
        "id": 47267,
        "catId": 12022
    },
    {
        "id": 27179,
        "catId": 10726
    },
    {
        "id": 21483,
        "catId": 10303
    },
    {
        "id": 21472,
        "catId": 10303
    },
    {
        "id": 26720,
        "catId": 10690
    },
    {
        "id": 47631,
        "catId": 12045
    },
    {
        "id": 46973,
        "catId": 12003
    },
    {
        "id": 26440,
        "catId": 10674
    },
    {
        "id": 46894,
        "catId": 11998
    },
    {
        "id": 46560,
        "catId": 11977
    },
    {
        "id": 22150,
        "catId": 10340
    },
    {
        "id": 21477,
        "catId": 10303
    },
    {
        "id": 44810,
        "catId": 11870
    },
    {
        "id": 47626,
        "catId": 12045
    },
    {
        "id": 26297,
        "catId": 10655
    },
    {
        "id": 21490,
        "catId": 10303
    },
    {
        "id": 20075,
        "catId": 10242
    },
    {
        "id": 1099,
        "catId": 50
    },
    {
        "id": 23433,
        "catId": 10431
    },
    {
        "id": 1089,
        "catId": 50
    },
    {
        "id": 1095,
        "catId": 50
    },
    {
        "id": 1117,
        "catId": 50
    },
    {
        "id": 22195,
        "catId": 10343
    },
    {
        "id": 46513,
        "catId": 11974
    },
    {
        "id": 46517,
        "catId": 11974
    },
    {
        "id": 17874,
        "catId": 10123
    },
    {
        "id": 48096,
        "catId": 12074
    },
    {
        "id": 21464,
        "catId": 10302
    },
    {
        "id": 21451,
        "catId": 10302
    },
    {
        "id": 18979,
        "catId": 10186
    },
    {
        "id": 28228,
        "catId": 10776
    },
    {
        "id": 27710,
        "catId": 10752
    }
]