{"aliases": {"gaitiktok": ["gaitt"], "kick": ["s\u00fat", "\u0111\u00e1"], "ban": ["ch\u1eb7n"], "thathinh": ["ndq"], "getlink": ["gl", "link"], "ping": ["checkping"], "canvas": ["text", "pil", "canv\u00e1t"], "admin": ["adm"], "baucua": ["bc"], "taixiu": ["tx"], "uptime": ["cvupt"], "img": ["image"], "infoad": ["infoadmin"], "createfile": ["crtf"], "avatar": ["avt"], "ask": ["bard"], "stk": ["sticker"], "mute": ["c\u00e2m"], "autoweather": ["atweather"], "restart": ["rs"], "info": ["i4", "in4"], "vdchill": ["chill"], "groupinfo": ["group"], "autosticker": ["autostk"], "download": ["down"], "createqr": ["qr"], "spamgroup": ["spgr"], "obj": ["object"], "object": ["obj"], "tagall": ["4"], "getvoice": ["gvc"], "detail": ["\u0111iteo"], "sticker": ["stk"], "cmdgroup": ["scgr"]}}